SGG_CD,SGG_NM,BJDONG_CD,BJDONG_NM,BOBN,BUBN,FLR_NO,CNTRCT_DE,RENT_GBN,RENT_AREA,RENT_GTN,RENT_FEE,BLDG_NM,BUILD_YEAR,HOUSE_GBN_NM
11140,중구,16500,황학동,0819,0000,13.0,2023-01-31,전세,22.52,16000,0,	DUO302	,2014,오피스텔
11560,영등포구,11800,도림동,0265,0001,8.0,2023-01-31,전세,48.75,25000,0,	도림동 하나아파텔(1차)	,2003,오피스텔
11230,동대문구,10400,전농동,0103,0276,5.0,2023-01-31,월세,63.16,22000,19,(103-276),2007,연립다세대
11620,관악구,10300,남현동,1079,0035,1.0,2023-01-31,월세,37.86,18000,10,(1079-35),1986,연립다세대
11710,송파구,10400,송파동,0112,0008,4.0,2023-01-31,월세,64.84,1000,62,(112-8),2014,연립다세대
11545,금천구,10300,시흥동,0113,0004,2.0,2023-01-31,전세,17.68,12000,0,(113-4),2018,오피스텔
11620,관악구,10200,신림동,0120,0044,3.0,2023-01-31,전세,108.0,27000,0,(120-44),1996,연립다세대
11710,송파구,10700,가락동,0148,0010,4.0,2023-01-31,월세,16.55,11000,3,(148-10),2014,연립다세대
11710,송파구,10500,석촌동,0150,0016,4.0,2023-01-31,월세,24.25,17000,10,(150-16),2003,연립다세대
11710,송파구,10500,석촌동,0166,0012,2.0,2023-01-31,월세,12.0,1000,55,(166-12),2013,연립다세대
11110,종로구,10900,누상동,0166,0096,3.0,2023-01-31,월세,36.44,12000,30,(166-96),1998,연립다세대
11710,송파구,10600,삼전동,0017,0005,4.0,2023-01-31,월세,19.5,7000,20,(17-5),2002,연립다세대
11710,송파구,10400,송파동,0022,0011,2.0,2023-01-31,월세,49.06,13000,37,(22-11),2007,연립다세대
11440,마포구,10800,대흥동,0022,0042,3.0,2023-01-31,전세,18.9,15000,0,(22-42),2020,연립다세대
11215,광진구,10300,구의동,0221,0020,2.0,2023-01-31,월세,55.71,1000,40,(221-20),2006,연립다세대
11215,광진구,10300,구의동,0224,0053,4.0,2023-01-31,전세,18.4,11000,0,(224-53),2012,연립다세대
11500,강서구,10300,화곡동,0024,0023,3.0,2023-01-31,전세,48.21,14600,0,(24-23),2002,연립다세대
11560,영등포구,12800,양평동4가,0260,0002,3.0,2023-01-31,월세,16.1,1000,52,(260-2),2012,연립다세대
11560,영등포구,13200,신길동,0276,0014,-1.0,2023-01-31,전세,38.25,11000,0,(276-14),1995,연립다세대
11620,관악구,10100,봉천동,0028,0030,3.0,2023-01-31,월세,28.32,21000,16,(28-30),2016,연립다세대
11290,성북구,11400,삼선동4가,0323,0000,4.0,2023-01-31,월세,21.11,1000,60,(323-0),2008,연립다세대
11650,서초구,10200,양재동,0352,0012,4.0,2023-01-31,전세,29.97,30000,0,(352-12),2014,연립다세대
11110,종로구,17000,명륜1가,0036,0016,3.0,2023-01-31,월세,13.69,1000,55,(36-16),2009,연립다세대
11710,송파구,10400,송파동,0036,0003,3.0,2023-01-31,월세,29.63,10000,36,(36-3),2013,연립다세대
11140,중구,14300,장충동1가,0038,0096,4.0,2023-01-31,월세,23.74,2000,73,(38-96),2013,연립다세대
11710,송파구,10600,삼전동,0043,0006,3.0,2023-01-31,전세,25.34,13450,0,(43-6),2011,연립다세대
11710,송파구,10800,문정동,0046,0001,3.0,2023-01-31,월세,21.21,1000,60,(46-1),2016,연립다세대
11305,강북구,10300,수유동,0486,0420,-1.0,2023-01-31,월세,47.52,1000,60,(486-420),1995,연립다세대
11260,중랑구,10500,망우동,0503,0006,4.0,2023-01-31,월세,43.61,6000,100,(503-6),2022,연립다세대
11710,송파구,10800,문정동,0063,0015,3.0,2023-01-31,전세,47.7,27500,0,(63-15),2014,연립다세대
11650,서초구,10700,반포동,0703,0014,2.0,2023-01-31,전세,20.94,16500,0,(703-14),2012,연립다세대
11680,강남구,10100,역삼동,0774,0030,-1.0,2023-01-31,월세,29.58,1000,60,(774-30),2001,연립다세대
11710,송파구,10400,송파동,0085,0015,2.0,2023-01-31,월세,23.21,700,56,(85-15),2003,연립다세대
11500,강서구,10300,화곡동,0876,0018,1.0,2023-01-31,전세,42.74,13650,0,(876-18),1986,연립다세대
11260,중랑구,10100,면목동,0090,0001,6.0,2023-01-31,전세,39.74,26000,0,(90-1),2015,연립다세대
11215,광진구,10100,중곡동,0150,0033,2.0,2023-01-31,전세,48.16,26000,0,150-33,2015,연립다세대
11740,강동구,10900,천호동,0165,0005,7.0,2023-01-31,전세,23.69,28100,0,165-5,2020,연립다세대
11620,관악구,10200,신림동,0098,0135,3.0,2023-01-31,전세,28.04,17400,0,98-135,2014,연립다세대
11170,용산구,12200,문배동,0024,0006,16.0,2023-01-31,전세,97.24,69000,0,CJ나인파크,2007,아파트
11650,서초구,10800,서초동,1584,0006,6.0,2023-01-31,월세,26.59,4000,150,DK밸리뷰시티,2019,아파트
11410,서대문구,11900,북가좌동,0481,0000,27.0,2023-01-31,전세,84.92,55000,0,DMC래미안e편한세상,2012,아파트
11410,서대문구,12000,남가좌동,0389,0000,11.0,2023-01-31,월세,59.79,10000,180,DMC에코자이,2019,아파트
11410,서대문구,12000,남가좌동,0385,0000,8.0,2023-01-31,전세,84.97,55000,0,DMC파크뷰자이1단지,2015,아파트
11410,서대문구,12000,남가좌동,0384,0000,10.0,2023-01-31,월세,84.99,50000,60,DMC파크뷰자이2단지,2015,아파트
11740,강동구,10500,길동,0367,0014,6.0,2023-01-31,전세,29.95,25000,0,DYD도시공간,2016,연립다세대
11260,중랑구,10500,망우동,0506,0008,5.0,2023-01-31,월세,13.55,1000,43,EGSoulLeader,2012,아파트
11680,강남구,10600,대치동,0934,0018,5.0,2023-01-31,전세,27.65,29000,0,LaTERRASSE1,2016,연립다세대
11290,성북구,12400,안암동4가,0015,0005,4.0,2023-01-31,월세,12.68,1000,42,MAIBAUM안암,2011,연립다세대
11680,강남구,10100,역삼동,0758,0013,2.0,2023-01-31,월세,44.62,3000,80,SUNHOUSE,2003,연립다세대
11560,영등포구,10400,영등포동3가,0020,0000,11.0,2023-01-31,전세,16.72,16500,0,WD스퀘어,2020,오피스텔
11650,서초구,10800,서초동,1508,0002,3.0,2023-01-31,전세,46.2,23000,0,WhiteRoseVill,2001,연립다세대
11590,동작구,10200,상도동,0903,0000,25.0,2023-01-31,전세,84.97,69800,0,e편한세상상도노빌리티,2018,아파트
11410,서대문구,11000,북아현동,0149,0000,14.0,2023-01-31,전세,59.97,58800,0,e편한세상신촌3단지,2018,아파트
11710,송파구,10700,가락동,0140,0000,15.0,2023-01-31,전세,84.69,55000,0,가락(1차)쌍용아파트,1997,아파트
11710,송파구,10700,가락동,0153,0000,2.0,2023-01-31,전세,84.72,40000,0,가락(2차)현대빌라,1988,연립다세대
11545,금천구,10100,가산동,0233,0005,18.0,2023-01-31,전세,17.69,14000,0,가산 센트럴 푸르지오 시티,2020,오피스텔
11545,금천구,10100,가산동,0233,0005,20.0,2023-01-31,월세,17.69,11500,21,가산 센트럴 푸르지오 시티,2020,오피스텔
11500,강서구,10400,가양동,1461,0000,4.0,2023-01-31,전세,34.44,15500,0,가양2단지(성지),1992,아파트
11680,강남구,11100,세곡동,0616,0000,4.0,2023-01-31,월세,42.46,3000,130,강남 드림하이 오피스텔,2018,오피스텔
11680,강남구,11500,수서동,0795,0000,9.0,2023-01-31,전세,59.81,50000,0,강남데시앙포레,2014,아파트
11680,강남구,11500,수서동,0795,0000,9.0,2023-01-31,전세,59.81,50000,0,강남데시앙포레,2014,아파트
11680,강남구,10100,역삼동,0825,0020,5.0,2023-01-31,전세,24.61,25000,0,강남역 센트럴 푸르지오 시티,2015,오피스텔
11680,강남구,10100,역삼동,0825,0020,11.0,2023-01-31,전세,24.63,27000,0,강남역 센트럴 푸르지오 시티,2015,오피스텔
11680,강남구,10100,역삼동,0824,0049,9.0,2023-01-31,전세,17.34,23100,0,강남역투웨니퍼스트102동,2019,오피스텔
11680,강남구,11200,자곡동,0602,0000,6.0,2023-01-31,월세,74.97,30000,130,강남자곡아이파크,2014,아파트
11740,강동구,11000,강일동,0114,0000,8.0,2023-01-31,월세,49.82,29000,10,강동리버스트4단지,2020,아파트
11740,강동구,11000,강일동,0114,0000,2.0,2023-01-31,전세,59.99,27011,0,강동리버스트4단지,2020,아파트
11740,강동구,11000,강일동,0114,0000,6.0,2023-01-31,전세,59.99,27011,0,강동리버스트4단지,2020,아파트
11740,강동구,11000,강일동,0114,0000,8.0,2023-01-31,전세,84.88,31500,0,강동리버스트4단지,2020,아파트
11500,강서구,10100,염창동,0240,0001,12.0,2023-01-31,월세,84.91,40000,60,강변월드메르디앙,2010,아파트
11500,강서구,10300,화곡동,1165,0000,7.0,2023-01-31,월세,84.99,30000,110,강서힐스테이트,2015,아파트
11680,강남구,10300,개포동,1282,0000,8.0,2023-01-31,월세,59.92,70000,15,개포래미안포레스트,2020,아파트
11680,강남구,10600,대치동,0503,0000,15.0,2023-01-31,전세,84.81,92000,0,개포우성1,1983,아파트
11680,강남구,10300,개포동,0185,0000,1.0,2023-01-31,전세,73.02,40000,0,개포주공6단지,1983,아파트
11680,강남구,10300,개포동,0185,0000,11.0,2023-01-31,월세,73.02,4000,160,개포주공6단지,1983,아파트
11680,강남구,10300,개포동,0185,0000,7.0,2023-01-31,전세,83.7,46000,0,개포주공7단지,1983,아파트
11380,은평구,10400,갈현동,0419,0020,6.0,2023-01-31,전세,59.6,34000,0,거성리젠시,2014,연립다세대
11740,강동구,10700,암사동,0450,0011,3.0,2023-01-31,전세,53.84,28300,0,거성스타힐(450-11),2011,연립다세대
11740,강동구,10700,암사동,0450,0017,3.0,2023-01-31,전세,54.7,27550,0,거성스타힐(450-17),2011,연립다세대
11710,송파구,11300,거여동,0290,0000,10.0,2023-01-31,월세,39.6,7000,70,거여1단지,1997,아파트
11710,송파구,11300,거여동,0290,0000,9.0,2023-01-31,전세,49.8,34000,0,거여1단지,1997,아파트
11350,노원구,10400,하계동,0271,0003,1.0,2023-01-31,월세,53.14,22000,25,건영,1988,아파트
11350,노원구,10400,하계동,0271,0003,1.0,2023-01-31,월세,53.14,22000,25,건영,1988,아파트
11620,관악구,10200,신림동,0721,0002,3.0,2023-01-31,전세,43.92,17000,0,건영2,1988,아파트
11560,영등포구,11800,도림동,0205,0043,4.0,2023-01-31,월세,56.43,13000,45,경산아트빌B동(205-43),2002,연립다세대
11740,강동구,10200,고덕동,0693,0000,14.0,2023-01-31,전세,84.24,68000,0,고덕그라시움,2019,아파트
11740,강동구,10300,상일동,0490,0000,5.0,2023-01-31,전세,84.98,52900,0,고덕리엔파크3단지,2011,아파트
11740,강동구,10200,고덕동,0210,0001,29.0,2023-01-31,전세,59.09,50000,0,고덕센트럴푸르지오,2020,아파트
11740,강동구,10300,상일동,0519,0000,9.0,2023-01-31,월세,59.98,7200,61,고덕아르테온,2020,아파트
11740,강동구,10300,상일동,0521,0000,14.0,2023-01-31,월세,59.94,40000,45,고덕자이,2021,아파트
11740,강동구,10100,명일동,0257,0000,6.0,2023-01-31,전세,83.93,40000,0,고덕주공9,1985,아파트
11590,동작구,10100,노량진동,0333,0000,2.0,2023-01-31,월세,29.55,2000,98,고려교육타워-어바니엘한강,2018,아파트
11530,구로구,10600,고척동,0100,0007,10.0,2023-01-31,월세,79.93,24000,52,고척아이파크(주상복합),2022,아파트
11740,강동구,10900,천호동,0038,0016,2.0,2023-01-31,월세,29.6,19420,4,골든팰리스빌,2018,연립다세대
11350,노원구,10300,공릉동,0743,0000,13.0,2023-01-31,전세,84.93,39000,0,공릉동한보에센시티아파트,2000,아파트
11560,영등포구,11000,여의도동,0021,0002,8.0,2023-01-31,전세,91.97,40000,0,공작,1976,아파트
11620,관악구,10100,봉천동,1712,0000,8.0,2023-01-31,전세,84.96,43000,0,관악드림(삼성),2003,아파트
11620,관악구,10100,봉천동,1717,0000,4.0,2023-01-31,월세,59.58,20000,80,관악푸르지오,2004,아파트
11620,관악구,10100,봉천동,1717,0000,17.0,2023-01-31,전세,59.58,36750,0,관악푸르지오,2004,아파트
11620,관악구,10100,봉천동,1717,0000,3.0,2023-01-31,전세,84.75,45000,0,관악푸르지오,2004,아파트
11215,광진구,10400,광장동,0576,0000,3.0,2023-01-31,전세,59.97,45000,0,광장현대9단지,1999,아파트
11215,광진구,10400,광장동,0582,0000,4.0,2023-01-31,전세,131.96,131250,0,광장힐스테이트,2012,아파트
11740,강동구,10700,암사동,0488,0021,2.0,2023-01-31,월세,52.83,8265,19,광채빌라,2022,연립다세대
11380,은평구,11400,진관동,0028,0000,2.0,2023-01-31,전세,59.98,13935,0,구파발10단지래미안(1001~1010동)장기전세BL3-4,2010,아파트
11380,은평구,11400,진관동,0028,0000,12.0,2023-01-31,전세,59.98,14598,0,구파발10단지래미안(1001~1010동)장기전세BL3-4,2010,아파트
11380,은평구,11400,진관동,0028,0000,11.0,2023-01-31,전세,84.69,20095,0,구파발10단지래미안(1001~1010동)장기전세BL3-4,2010,아파트
11380,은평구,11400,진관동,0029,0000,14.0,2023-01-31,전세,84.85,32825,0,구파발10단지래미안(1020~1028동)임대BL3-5,2012,아파트
11380,은평구,11400,진관동,0022,0000,8.0,2023-01-31,전세,84.84,32825,0,구파발9단지래미안(901~915동)임대BL3-3,2010,아파트
11590,동작구,10900,신대방동,0364,0170,2.0,2023-01-31,전세,29.72,24200,0,그린나래,2018,연립다세대
11215,광진구,10400,광장동,0218,0001,12.0,2023-01-31,월세,75.55,44000,20,극동2,1989,아파트
11320,도봉구,10500,쌍문동,0494,0001,3.0,2023-01-31,전세,47.48,33000,0,글로리아캐슬쌍문2차,2020,연립다세대
11170,용산구,11700,원효로3가,0043,0001,13.0,2023-01-31,전세,28.15,30000,0,금강프라임타워,2021,연립다세대
11590,동작구,10200,상도동,0256,0216,2.0,2023-01-31,전세,53.58,21000,0,금성빌리지,1994,연립다세대
11545,금천구,10200,독산동,1155,0000,18.0,2023-01-31,월세,59.97,15000,129,금천롯데캐슬골드파크3차,2018,아파트
11200,성동구,10800,응봉동,0098,0000,11.0,2023-01-31,월세,59.91,18000,60,금호현대,1990,아파트
11305,강북구,10200,번동,0191,0000,4.0,2023-01-31,월세,59.94,24000,20,기산그린,2000,아파트
11740,강동구,10500,길동,0349,0007,4.0,2023-01-31,전세,29.82,17000,0,길동오피스텔,2002,오피스텔
11740,강동구,10500,길동,0400,0000,1.0,2023-01-31,전세,57.1,36000,0,길동우성,1994,아파트
11290,성북구,13400,길음동,1281,0000,18.0,2023-01-31,전세,84.64,45000,0,길음뉴타운4단지(e편한세상),2005,아파트
11290,성북구,13400,길음동,1284,0000,5.0,2023-01-31,월세,59.99,30000,50,길음뉴타운8단지(래미안),2010,아파트
11290,성북구,10300,돈암동,0643,0000,15.0,2023-01-31,전세,84.98,45000,0,길음역금호어울림센터힐,2014,아파트
11290,성북구,13800,장위동,0323,0000,7.0,2023-01-31,월세,59.1,27000,40,꿈의숲아이파크,2022,아파트
11290,성북구,13800,장위동,0323,0000,2.0,2023-01-31,전세,84.47,65000,0,꿈의숲아이파크,2022,아파트
11500,강서구,10100,염창동,0264,0026,3.0,2023-01-31,전세,27.72,24000,0,노블레르,2019,오피스텔
11200,성동구,10100,상왕십리동,0750,0000,3.0,2023-01-31,월세,30.81,3000,58,노블리안,2003,오피스텔
11350,노원구,10500,상계동,0706,0002,16.0,2023-01-31,전세,18.96,14000,0,노원역 보미더클래스 오피스텔,2023,오피스텔
11380,은평구,10700,응암동,0769,0000,18.0,2023-01-31,전세,59.97,45000,0,녹번역e편한세상캐슬,2021,아파트
11740,강동구,10500,길동,0456,0004,19.0,2023-01-31,전세,23.39,28800,0,다성이즈빌,2018,아파트
11740,강동구,10900,천호동,0320,0000,3.0,2023-01-31,전세,46.55,38000,0,다성이즈빌(320),2017,아파트
11740,강동구,10100,명일동,0312,0007,5.0,2023-01-31,전세,41.81,10000,0,다온팰리스,2019,연립다세대
11215,광진구,10100,중곡동,0035,0003,6.0,2023-01-31,전세,26.99,25500,0,다우하우스,2018,연립다세대
11260,중랑구,10100,면목동,0066,0036,4.0,2023-01-31,전세,26.44,20000,0,다윈프라임빌,2022,연립다세대
11560,영등포구,13300,대림동,0737,0006,3.0,2023-01-31,월세,22.23,200,47,다이얼로그737,2022,연립다세대
11560,영등포구,13300,대림동,0737,0006,2.0,2023-01-31,월세,22.26,200,46,다이얼로그737,2022,연립다세대
11560,영등포구,13300,대림동,0737,0006,3.0,2023-01-31,월세,22.26,6260,8,다이얼로그737,2022,연립다세대
11560,영등포구,11100,당산동1가,0223,0012,3.0,2023-01-31,전세,28.83,22050,0,당산빌리지,2015,연립다세대
11560,영등포구,11300,당산동3가,0002,0006,3.0,2023-01-31,월세,73.87,15000,85,당산한양,1986,아파트
11380,은평구,10600,대조동,0185,0071,9.0,2023-01-31,월세,14.66,5000,40,대덕타워,2013,아파트
11350,노원구,10300,공릉동,0380,0001,4.0,2023-01-31,전세,59.34,30000,0,대동아파트2,1999,아파트
11500,강서구,10800,공항동,0045,0019,11.0,2023-01-31,월세,23.64,500,45,대룡드림타워-Ⅱ,2005,오피스텔
11530,구로구,10100,신도림동,0642,0000,10.0,2023-01-31,전세,59.9,40000,0,대림1,1999,아파트
11590,동작구,10800,대방동,0501,0000,6.0,2023-01-31,전세,59.84,49000,0,대림아파트,1993,아파트
11380,은평구,10100,수색동,0415,0001,5.0,2023-01-31,전세,59.9,27000,0,대림한숲(DMC이편한세상),2003,아파트
11380,은평구,10100,수색동,0415,0001,2.0,2023-01-31,전세,84.95,35000,0,대림한숲(DMC이편한세상),2003,아파트
11650,서초구,10100,방배동,0766,0012,3.0,2023-01-31,전세,46.27,30000,0,대양리치빌Ⅱ,2016,연립다세대
11560,영등포구,13300,대림동,0737,0011,4.0,2023-01-31,월세,29.66,100,45,대정이오스,2022,연립다세대
11680,강남구,10600,대치동,0891,0063,8.0,2023-01-31,월세,18.45,120,120,대치트레비스타 102동,2020,오피스텔
11380,은평구,10400,갈현동,0549,0000,5.0,2023-01-31,전세,31.15,21000,0,대한웰빙홈,2018,아파트
11740,강동구,10900,천호동,0018,0093,2.0,2023-01-31,월세,48.52,3000,180,더숨153,2022,연립다세대
11230,동대문구,10600,장안동,0342,0008,13.0,2023-01-31,월세,26.53,10000,50,더아모르,2023,오피스텔
11470,양천구,10200,목동,0537,0011,2.0,2023-01-31,전세,28.0,23000,0,더캐슬,2015,연립다세대
11590,동작구,10800,대방동,0375,0005,3.0,2023-01-31,전세,29.72,28000,0,더클래스,2018,연립다세대
11560,영등포구,11000,여의도동,0017,0009,13.0,2023-01-31,월세,23.63,12500,44,더하우스 소호 여의도 오피스텔,2017,오피스텔
11650,서초구,10100,방배동,0916,0027,5.0,2023-01-31,전세,25.21,33600,0,데코아트빌7차,2018,연립다세대
11680,강남구,11800,도곡동,0527,0000,7.0,2023-01-31,전세,59.98,73000,0,도곡렉슬,2006,아파트
11680,강남구,11800,도곡동,0933,0000,1.0,2023-01-31,전세,66.95,52000,0,도곡쌍용예가,1978,아파트
11560,영등포구,11800,도림동,0250,0020,5.0,2023-01-31,월세,35.6,12200,43,도림브라보역세권청년주택,2021,아파트
11500,강서구,10300,화곡동,0156,0006,4.0,2023-01-31,전세,29.97,16800,0,도원솔비치,2015,연립다세대
11410,서대문구,10900,현저동,0200,0000,20.0,2023-01-31,전세,59.58,42000,0,독립문극동(200-0),1998,아파트
11410,서대문구,10900,현저동,0200,0000,7.0,2023-01-31,전세,102.45,62800,0,독립문극동(200-0),1998,아파트
11545,금천구,10200,독산동,0964,0014,4.0,2023-01-31,월세,45.81,9275,9,독산파크빌가동나동,2022,연립다세대
11290,성북구,10300,돈암동,0015,0001,5.0,2023-01-31,월세,59.4,10000,76,돈암동삼성,1999,아파트
11410,서대문구,10500,냉천동,0261,0000,9.0,2023-01-31,전세,114.98,100000,0,돈의문센트레빌,2011,아파트
11650,서초구,10100,방배동,0904,0009,1.0,2023-01-31,전세,57.13,40000,0,동남서원명문가,2014,연립다세대
11530,구로구,10800,오류동,0336,0000,13.0,2023-01-31,월세,59.98,200,40,동부(101동~103동),1998,아파트
11290,성북구,10300,돈암동,0633,0000,20.0,2023-01-31,전세,80.54,39000,0,동부센트레빌,2003,아파트
11170,용산구,12900,이촌동,0434,0000,13.0,2023-01-31,전세,84.97,55000,0,동원베네스트,2005,아파트
11680,강남구,10100,역삼동,0745,0013,7.0,2023-01-31,월세,76.91,50000,140,동원스위트뷰역삼,2017,아파트
11680,강남구,10100,역삼동,0745,0013,6.0,2023-01-31,월세,84.83,63000,30,동원스위트뷰역삼,2017,아파트
11530,구로구,10700,개봉동,0335,0001,10.0,2023-01-31,전세,67.36,23100,0,동인,1989,아파트
11260,중랑구,10100,면목동,1286,0001,4.0,2023-01-31,전세,84.88,35500,0,동일스카이씨티(37차),2007,아파트
11350,노원구,10600,중계동,0103,0000,2.0,2023-01-31,월세,51.3,12000,3,동진,1988,아파트
11680,강남구,10800,논현동,0105,0000,2.0,2023-01-31,전세,84.92,59000,0,동현아파트1~6,1985,아파트
11290,성북구,13900,석관동,0010,0000,10.0,2023-01-31,월세,84.9,31500,40,두산,1998,아파트
11530,구로구,10700,개봉동,0472,0000,8.0,2023-01-31,전세,59.69,26000,0,두산,1997,아파트
11110,종로구,12400,수송동,0058,0000,12.0,2023-01-31,월세,35.22,1000,100,두산위브파빌리온,2004,오피스텔
11740,강동구,10600,둔촌동,0446,0008,3.0,2023-01-31,월세,29.56,500,37,둔촌빌,2022,연립다세대
11710,송파구,10300,풍납동,0397,0001,3.0,2023-01-31,월세,14.71,4000,48,드림스페이스II,2014,아파트
11710,송파구,10300,풍납동,0397,0001,4.0,2023-01-31,월세,19.67,5000,46,드림스페이스II,2014,아파트
11740,강동구,10800,성내동,0545,0001,3.0,2023-01-31,전세,55.37,33000,0,드림하이츠1차,2016,연립다세대
11500,강서구,10200,등촌동,0628,0000,4.0,2023-01-31,월세,54.52,3000,105,등촌동노블리움오피스텔,2005,오피스텔
11410,서대문구,11800,홍은동,0400,0003,12.0,2023-01-31,전세,24.98,23000,0,디에이원파크,2019,연립다세대
11410,서대문구,12000,남가좌동,0387,0000,15.0,2023-01-31,전세,13.03,14500,0,디엠씨엘가,2017,아파트
11590,동작구,10700,사당동,1044,0011,8.0,2023-01-31,월세,12.44,1000,60,라온시티,2014,아파트
11200,성동구,11300,옥수동,0561,0000,5.0,2023-01-31,월세,59.25,10000,243,래미안 옥수 리버젠,2012,아파트
11680,강남구,10100,역삼동,0763,0016,3.0,2023-01-31,월세,70.98,55000,150,래미안그레이튼,2009,아파트
11290,성북구,13400,길음동,0498,0000,11.0,2023-01-31,월세,59.99,40000,33,래미안길음센터피스,2019,아파트
11680,강남구,10600,대치동,1027,0000,4.0,2023-01-31,전세,59.99,88500,0,래미안대치팰리스,2015,아파트
11470,양천구,10100,신정동,1326,0000,14.0,2023-01-31,월세,84.95,60000,55,래미안목동아델리체(1326),2021,아파트
11380,은평구,10200,녹번동,0283,0000,5.0,2023-01-31,전세,114.99,79000,0,래미안베라힐즈,2019,아파트
11680,강남구,10500,삼성동,0102,0000,3.0,2023-01-31,전세,128.44,120000,0,래미안삼성1차(201동),2006,아파트
11650,서초구,10800,서초동,1332,0013,4.0,2023-01-31,전세,59.99,60196,0,래미안서초에스티지,2016,아파트
11710,송파구,10400,송파동,0243,0000,28.0,2023-01-31,전세,64.99,57500,0,래미안송파파인탑,2012,아파트
11305,강북구,10300,수유동,0730,0000,13.0,2023-01-31,월세,84.99,35100,35,래미안수유,2001,아파트
11650,서초구,10700,반포동,0018,0001,15.0,2023-01-31,월세,84.93,35000,450,래미안퍼스티지,2009,아파트
11740,강동구,10200,고덕동,0688,0000,2.0,2023-01-31,전세,59.35,52125,0,래미안힐스테이트고덕,2016,아파트
11740,강동구,10200,고덕동,0688,0000,9.0,2023-01-31,전세,59.35,52125,0,래미안힐스테이트고덕,2016,아파트
11740,강동구,10200,고덕동,0688,0000,14.0,2023-01-31,전세,84.9,60000,0,래미안힐스테이트고덕,2016,아파트
11545,금천구,10100,가산동,0139,0003,14.0,2023-01-31,월세,19.96,10000,20,램킨푸르지오시티,2013,오피스텔
11680,강남구,10300,개포동,1194,0001,6.0,2023-01-31,전세,23.44,34000,0,런던빌개포,2021,연립다세대
11680,강남구,10100,역삼동,0765,0015,5.0,2023-01-31,월세,21.56,1000,81,레전드힐,2013,연립다세대
11260,중랑구,10200,상봉동,0190,0049,2.0,2023-01-31,전세,27.48,24500,0,로얄팰리스,2020,연립다세대
11230,동대문구,10100,신설동,0045,0002,2.0,2023-01-31,전세,27.89,25000,0,로얄팰리스,2018,연립다세대
11500,강서구,10600,내발산동,0728,0000,9.0,2023-01-31,전세,84.62,40000,0,롯데1차,2002,아파트
11470,양천구,10300,신월동,1063,0000,1.0,2023-01-31,전세,84.98,43000,0,롯데캐슬,2014,아파트
11650,서초구,10100,방배동,0424,0028,3.0,2023-01-31,전세,59.99,56962,0,롯데캐슬아르떼,2013,아파트
11470,양천구,10200,목동,0956,0000,8.0,2023-01-31,전세,84.99,60000,0,롯데캐슬위너,2005,아파트
11650,서초구,10800,서초동,1312,0003,26.0,2023-01-31,전세,74.3,80000,0,롯데캐슬클래식,2006,아파트
11650,서초구,10800,서초동,1312,0003,9.0,2023-01-31,전세,84.98,100000,0,롯데캐슬클래식,2006,아파트
11710,송파구,10100,잠실동,0022,0000,6.0,2023-01-31,월세,27.68,30500,30,리센츠,2008,아파트
11710,송파구,10100,잠실동,0022,0000,3.0,2023-01-31,월세,27.68,5700,110,리센츠,2008,아파트
11710,송파구,10100,잠실동,0022,0000,13.0,2023-01-31,전세,84.99,80000,0,리센츠,2008,아파트
11650,서초구,10200,양재동,0015,0011,5.0,2023-01-31,전세,58.72,62000,0,리시본하우스,2020,아파트
11560,영등포구,12900,양평동5가,0087,0003,4.0,2023-01-31,전세,26.58,28000,0,리오파크2차,2019,연립다세대
11500,강서구,10300,화곡동,0344,0011,2.0,2023-01-31,월세,29.94,3000,80,리젠트라움(344-11),2014,연립다세대
11530,구로구,10700,개봉동,0317,0001,1.0,2023-01-31,전세,29.98,15000,0,리치그린A(317-1),2012,연립다세대
11500,강서구,10500,마곡동,0776,0000,8.0,2023-01-31,전세,21.25,16800,0,마곡 파크뷰 대방디엠시티 오피스텔,2019,오피스텔
11500,강서구,10500,마곡동,0739,0004,14.0,2023-01-31,월세,24.07,1000,63,마곡 헤리움1차,2015,오피스텔
11500,강서구,10500,마곡동,0760,0000,11.0,2023-01-31,월세,22.2,1000,65,마곡나루역보타닉푸르지오시티,2017,오피스텔
11500,강서구,10500,마곡동,0760,0002,7.0,2023-01-31,전세,23.39,18000,0,마곡나루역캐슬파크,2016,오피스텔
11500,강서구,10500,마곡동,0758,0004,3.0,2023-01-31,월세,21.87,1000,68,마곡럭스나인오피스텔,2016,오피스텔
11500,강서구,10500,마곡동,0776,0002,5.0,2023-01-31,전세,29.48,20000,0,마곡센트럴대방디엠시티오피스텔,2017,오피스텔
11500,강서구,10600,내발산동,0751,0000,8.0,2023-01-31,전세,84.53,36270,0,마곡수명산파크3단지,2007,아파트
11500,강서구,10500,마곡동,0795,0002,5.0,2023-01-31,전세,25.29,17850,0,마곡아이파크,2016,오피스텔
11500,강서구,10500,마곡동,0738,0000,1.0,2023-01-31,월세,59.95,13911,33,마곡엠밸리4단지,2014,아파트
11500,강서구,10500,마곡동,0741,0000,7.0,2023-01-31,전세,59.79,33750,0,마곡엠밸리8단지,2016,아파트
11500,강서구,10500,마곡동,0744,0000,4.0,2023-01-31,월세,59.86,20000,120,마곡엠밸리9단지,2021,아파트
11500,강서구,10500,마곡동,0750,0000,4.0,2023-01-31,전세,84.85,39375,0,마곡엠벨리(14단지),2014,아파트
11500,강서구,10500,마곡동,0750,0000,14.0,2023-01-31,월세,84.88,40000,50,마곡엠벨리(14단지),2014,아파트
11500,강서구,10500,마곡동,0773,0001,13.0,2023-01-31,전세,23.87,17000,0,마곡역센트럴푸르지오시티,2016,오피스텔
11500,강서구,10500,마곡동,0758,0002,6.0,2023-01-31,월세,21.43,3000,53,마곡일성트루엘플래닛,2016,오피스텔
11650,서초구,10200,양재동,0305,0002,3.0,2023-01-31,전세,27.39,23500,0,마이빌(305-2),2016,연립다세대
11680,강남구,10800,논현동,0058,0002,14.0,2023-01-31,월세,36.29,1000,135,마일스디오빌,2004,아파트
11200,성동구,10500,마장동,0819,0000,1.0,2023-01-31,전세,84.8,49200,0,마장동중앙하이츠,1999,아파트
11710,송파구,11400,마천동,0575,0000,18.0,2023-01-31,전세,114.81,59000,0,마천금호어울림1차아파트,2002,아파트
11440,마포구,10100,아현동,0802,0000,2.0,2023-01-31,전세,111.11,120000,0,마포센트럴아이파크,2017,아파트
11440,마포구,12500,성산동,0592,0008,12.0,2023-01-31,전세,24.92,28000,0,마포클레세,2022,오피스텔
11440,마포구,10800,대흥동,0660,0000,13.0,2023-01-31,월세,59.4,5000,150,마포태영,1999,아파트
11440,마포구,12300,망원동,0522,0000,6.0,2023-01-31,전세,49.74,37000,0,마포한강제이스카이,2019,아파트
11380,은평구,10300,불광동,0434,0012,4.0,2023-01-31,전세,29.07,17000,0,명가,2013,연립다세대
11380,은평구,10300,불광동,0434,0012,4.0,2023-01-31,전세,29.07,17000,0,명가,2013,연립다세대
11560,영등포구,10200,영등포동1가,0121,0003,10.0,2023-01-31,월세,17.63,15000,20,명남더블레스,2021,오피스텔
11170,용산구,10900,청파동1가,0032,0014,1.0,2023-01-31,전세,29.91,25000,0,명인빌,2020,연립다세대
11740,강동구,10100,명일동,0332,0000,5.0,2023-01-31,전세,59.4,43000,0,명일엘지,1999,아파트
11470,양천구,10200,목동,0042,0108,2.0,2023-01-31,전세,37.81,18500,0,목동문화빌,2012,연립다세대
11470,양천구,10100,신정동,1278,0000,12.0,2023-01-31,전세,84.77,58900,0,목동삼성,1996,아파트
11470,양천구,10300,신월동,1078,0000,4.0,2023-01-31,월세,34.24,9051,24,목동센트럴아이파크위브4단지,2020,아파트
11470,양천구,10200,목동,0537,0031,4.0,2023-01-31,전세,29.82,23500,0,목동숲아파트,2017,연립다세대
11470,양천구,10100,신정동,0326,0000,8.0,2023-01-31,월세,53.46,9000,80,목동신시가지12,1988,아파트
11470,양천구,10100,신정동,0327,0000,4.0,2023-01-31,전세,124.55,70000,0,목동신시가지13,1987,아파트
11470,양천구,10200,목동,0912,0000,10.0,2023-01-31,전세,65.08,49610,0,목동신시가지5,1986,아파트
11470,양천구,10200,목동,0925,0000,3.0,2023-01-31,전세,74.12,82000,0,목동신시가지7,1986,아파트
11470,양천구,10100,신정동,0314,0000,5.0,2023-01-31,전세,54.94,36380,0,목동신시가지8,1987,아파트
11470,양천구,10100,신정동,0314,0000,3.0,2023-01-31,전세,71.77,70000,0,목동신시가지8,1987,아파트
11470,양천구,10100,신정동,0281,0008,3.0,2023-01-31,전세,39.75,25000,0,목동하나아이파크,2018,연립다세대
11680,강남구,11400,일원동,0716,0000,2.0,2023-01-31,월세,99.79,100000,40,목련타운,1993,아파트
11215,광진구,10900,군자동,0117,0020,1.0,2023-01-31,월세,36.93,100,40,무지개빌라(A),1993,연립다세대
11710,송파구,10800,문정동,0652,0005,16.0,2023-01-31,월세,25.77,2000,70,문정 아이파크,2017,오피스텔
11305,강북구,10100,미아동,0791,1666,1.0,2023-01-31,전세,45.12,13900,0,미도빌라트,1998,연립다세대
11545,금천구,10300,시흥동,0972,0013,4.0,2023-01-31,전세,67.77,18000,0,미르빌A동,2003,연립다세대
11200,성동구,12200,용답동,0170,0007,2.0,2023-01-31,전세,28.13,26000,0,미산빌-14,2022,연립다세대
11350,노원구,10200,월계동,0013,0000,8.0,2023-01-31,전세,50.14,20000,0,미성,1986,아파트
11545,금천구,10300,시흥동,0950,0013,2.0,2023-01-31,전세,43.39,11000,0,미성,1983,연립다세대
11590,동작구,10200,상도동,0244,0252,4.0,2023-01-31,전세,29.83,24440,0,미소가A동(244-252),2018,연립다세대
11500,강서구,10100,염창동,0267,0007,3.0,2023-01-31,전세,77.34,12500,0,미화빌라가동,1993,연립다세대
11440,마포구,12000,서교동,0442,0024,2.0,2023-01-31,월세,14.95,2000,40,민우빌리지,2011,연립다세대
11650,서초구,10800,서초동,1316,0031,11.0,2023-01-31,월세,65.32,22000,175,밀라텔쉐르빌,2001,아파트
11560,영등포구,11100,당산동1가,0137,0000,3.0,2023-01-31,전세,25.94,22300,0,밀레니엄(137),2016,연립다세대
11215,광진구,10200,능동,0250,0036,3.0,2023-01-31,전세,14.13,16400,0,바른체,2018,연립다세대
11650,서초구,10600,잠원동,0074,0001,21.0,2023-01-31,월세,59.94,50000,200,반포르엘,2022,아파트
11650,서초구,10700,반포동,0020,0043,18.0,2023-01-31,전세,59.98,58653,0,반포자이,2009,아파트
11650,서초구,10700,반포동,0020,0043,13.0,2023-01-31,전세,59.98,58653,0,반포자이,2009,아파트
11650,서초구,10100,방배동,0593,0014,2.0,2023-01-31,전세,29.8,25000,0,방배빌리지Ⅱ,2018,연립다세대
11500,강서구,10900,방화동,0814,0000,4.0,2023-01-31,전세,39.6,18000,0,방화5,1994,아파트
11500,강서구,10900,방화동,0814,0000,2.0,2023-01-31,전세,49.77,26500,0,방화5,1994,아파트
11500,강서구,10900,방화동,0839,0000,9.0,2023-01-31,전세,39.76,21000,0,방화그린,1993,아파트
11380,은평구,10700,응암동,0766,0000,4.0,2023-01-31,전세,59.91,35000,0,백련산파크자이,2021,아파트
11380,은평구,10700,응암동,0766,0000,7.0,2023-01-31,전세,84.9,44000,0,백련산파크자이,2021,아파트
11380,은평구,10700,응암동,0768,0000,7.0,2023-01-31,전세,59.93,39000,0,백련산해모로,2020,아파트
11410,서대문구,11700,연희동,0069,0002,2.0,2023-01-31,월세,22.68,7350,24,백산타운,2002,연립다세대
11440,마포구,10200,공덕동,0026,0007,9.0,2023-01-31,전세,46.88,27000,0,백상프로포즈오피스텔,2012,오피스텔
11545,금천구,10200,독산동,0378,0474,4.0,2023-01-31,전세,38.98,18000,0,백영빌딩(378-474),2012,연립다세대
11545,금천구,10300,시흥동,0911,0020,4.0,2023-01-31,전세,46.54,18000,0,백운우리빌,2016,연립다세대
11740,강동구,10500,길동,0366,0013,6.0,2023-01-31,월세,17.39,1000,57,백천이스트하임,2012,아파트
11545,금천구,10300,시흥동,1010,0000,1.0,2023-01-31,전세,84.99,30000,0,벽산,2000,아파트
11545,금천구,10300,시흥동,1010,0000,6.0,2023-01-31,전세,114.84,31500,0,벽산,2000,아파트
11350,노원구,10500,상계동,0173,0001,4.0,2023-01-31,전세,43.35,17000,0,벽산,1989,아파트
11350,노원구,10500,상계동,0173,0001,8.0,2023-01-31,월세,59.9,15000,50,벽산,1989,아파트
11620,관악구,10100,봉천동,1718,0000,1.0,2023-01-31,전세,59.99,35000,0,벽산블루밍,2005,아파트
11350,노원구,10500,상계동,0639,0000,9.0,2023-01-31,월세,44.33,1000,74,보람1단지,1988,아파트
11350,노원구,10500,상계동,0639,0000,3.0,2023-01-31,전세,54.59,17000,0,보람1단지,1988,아파트
11470,양천구,10300,신월동,0416,0001,10.0,2023-01-31,전세,83.37,32000,0,보람쉬움1,2003,아파트
11710,송파구,10500,석촌동,0154,0010,3.0,2023-01-31,월세,40.0,10000,60,보람주택,2004,연립다세대
11290,성북구,12800,보문동6가,0458,0000,18.0,2023-01-31,전세,84.96,72000,0,보문파크뷰자이,2017,아파트
11620,관악구,10100,봉천동,1706,0000,26.0,2023-01-31,전세,59.76,35000,0,봉천우성,2000,아파트
11710,송파구,11400,마천동,0173,0060,5.0,2023-01-31,전세,36.69,13000,0,부성그린빌,2006,연립다세대
11410,서대문구,11800,홍은동,0467,0000,12.0,2023-01-31,전세,59.93,30000,0,북한산두산위브1차,2020,아파트
11380,은평구,10300,불광동,0638,0000,15.0,2023-01-31,월세,115.0,5000,170,북한산래미안아파트(1단지),2010,아파트
11320,도봉구,10600,방학동,0719,0002,8.0,2023-01-31,월세,32.1,1000,60,북한산현대렉시온오피스텔,2004,오피스텔
11380,은평구,10300,불광동,0633,0000,10.0,2023-01-31,월세,85.0,30000,40,북한산현대홈타운,2004,아파트
11740,강동구,10500,길동,0342,0026,3.0,2023-01-31,월세,17.55,8000,3,산돌하우스,2015,연립다세대
11500,강서구,10300,화곡동,0105,0466,3.0,2023-01-31,전세,45.6,11000,0,산장빌라(105-466),1991,연립다세대
11350,노원구,10600,중계동,0593,0000,3.0,2023-01-31,전세,59.9,34000,0,삼성,1999,아파트
11200,성동구,10500,마장동,0817,0000,11.0,2023-01-31,전세,84.93,46000,0,삼성,1996,아파트
11290,성북구,13500,종암동,0080,0000,8.0,2023-01-31,전세,84.95,47000,0,삼성래미안,2004,아파트
11680,강남구,11800,도곡동,0091,0005,3.0,2023-01-31,월세,84.89,30000,270,삼성래미안,2001,아파트
11590,동작구,10200,상도동,0421,0000,3.0,2023-01-31,전세,84.8,50000,0,삼성래미안2,2003,아파트
11410,서대문구,11800,홍은동,0188,0029,2.0,2023-01-31,월세,62.01,5000,60,삼성빌라,1985,연립다세대
11260,중랑구,10500,망우동,0474,0010,2.0,2023-01-31,전세,29.36,27500,0,삼성펠리체,2016,연립다세대
11680,강남구,10500,삼성동,0104,0000,9.0,2023-01-31,전세,59.94,55125,0,삼성풍림2차아파트,1998,아파트
11380,은평구,10300,불광동,0290,0014,2.0,2023-01-31,전세,68.37,21000,0,삼성하이츠빌라90-14),2008,연립다세대
11590,동작구,10100,노량진동,0330,0000,7.0,2023-01-31,월세,84.68,35000,30,삼익,2001,아파트
11590,동작구,10200,상도동,0413,0000,3.0,2023-01-31,전세,59.93,42000,0,삼익,1997,아파트
11740,강동구,10100,명일동,0270,0000,9.0,2023-01-31,전세,146.54,65000,0,삼익가든,1984,아파트
11320,도봉구,10500,쌍문동,0056,0000,5.0,2023-01-31,월세,58.77,10000,60,삼익세라믹,1988,아파트
11320,도봉구,10500,쌍문동,0056,0000,15.0,2023-01-31,전세,79.98,32000,0,삼익세라믹,1988,아파트
11350,노원구,10300,공릉동,0737,0000,9.0,2023-01-31,전세,51.03,19500,0,삼익아파트,1995,아파트
11470,양천구,10300,신월동,1041,0000,14.0,2023-01-31,전세,84.14,38000,0,삼정그린뷰,2005,아파트
11350,노원구,10600,중계동,0584,0001,14.0,2023-01-31,전세,59.39,27000,0,삼창타워주상프라자,1997,아파트
11350,노원구,10200,월계동,0012,0000,7.0,2023-01-31,전세,50.18,24000,0,삼호4,1987,아파트
11545,금천구,10200,독산동,1006,0132,5.0,2023-01-31,월세,59.94,23000,10,삼환아파트,1998,아파트
11350,노원구,10500,상계동,0172,0000,15.0,2023-01-31,월세,59.67,3000,80,상계대림,1989,아파트
11350,노원구,10500,상계동,0666,0000,13.0,2023-01-31,전세,45.9,17010,0,상계주공10(고층),1988,아파트
11350,노원구,10500,상계동,0666,0000,3.0,2023-01-31,월세,59.39,3000,65,상계주공10(고층),1988,아파트
11350,노원구,10500,상계동,0626,0000,2.0,2023-01-31,전세,45.9,20000,0,상계주공14(고층),1989,아파트
11350,노원구,10500,상계동,0624,0000,13.0,2023-01-31,월세,59.39,10000,50,상계주공16(고층),1988,아파트
11350,노원구,10500,상계동,0730,0002,7.0,2023-01-31,월세,59.39,16500,20,상계주공3(고층),1987,아파트
11350,노원구,10500,상계동,0720,0000,2.0,2023-01-31,월세,58.01,2000,86,상계주공6(고층),1988,아파트
11350,노원구,10500,상계동,0720,0000,13.0,2023-01-31,전세,58.01,26500,0,상계주공6(고층),1988,아파트
11350,노원구,10500,상계동,0691,0000,12.0,2023-01-31,월세,45.9,3000,60,상계주공7(고층),1988,아파트
11350,노원구,10500,상계동,0691,0000,15.0,2023-01-31,전세,58.01,20000,0,상계주공7(고층),1988,아파트
11350,노원구,10500,상계동,0691,0000,9.0,2023-01-31,월세,59.39,2000,73,상계주공7(고층),1988,아파트
11590,동작구,10200,상도동,0900,0000,22.0,2023-01-31,전세,84.89,85000,0,상도파크자이,2016,아파트
11440,마포구,12700,상암동,1748,0000,5.0,2023-01-31,전세,24.2,17000,0,상암 오벨리스크 2차,2014,오피스텔
11440,마포구,12700,상암동,1734,0000,5.0,2023-01-31,월세,19.93,2000,50,상암 한화 오벨리스크,2013,오피스텔
11440,마포구,12700,상암동,1734,0000,5.0,2023-01-31,월세,19.93,1000,53,상암 한화 오벨리스크,2013,오피스텔
11440,마포구,12700,상암동,1596,0000,6.0,2023-01-31,전세,18.81,16500,0,"상암DMC푸르지오시티, S-City",2017,오피스텔
11440,마포구,12700,상암동,1655,0000,7.0,2023-01-31,월세,84.7,25000,180,상암월드컵파크4단지,2006,아파트
11440,마포구,11400,창전동,0444,0000,4.0,2023-01-31,전세,84.99,63000,0,서강예가,2007,아파트
11500,강서구,10300,화곡동,0061,0050,2.0,2023-01-31,전세,57.13,19000,0,서광아트빌(61-50),2008,연립다세대
11410,서대문구,11100,홍제동,0057,0005,15.0,2023-01-31,전세,59.94,50000,0,서대문푸르지오센트럴파크,2022,아파트
11650,서초구,10100,방배동,0906,0013,14.0,2023-01-31,전세,84.97,115000,0,서리풀e편한세상,2010,아파트
11710,송파구,11100,방이동,0161,0007,3.0,2023-01-31,전세,67.83,30450,0,서안빌라트,2004,연립다세대
11200,성동구,10800,응봉동,0276,0000,19.0,2023-01-31,전세,114.86,80000,0,서울숲리버그린동아아파트,2003,아파트
11200,성동구,10700,행당동,0380,0000,19.0,2023-01-31,월세,84.9,20000,224,서울숲리버뷰자이,2018,아파트
11200,성동구,11800,송정동,0104,0000,5.0,2023-01-31,월세,116.58,60000,50,서울숲아이파크,2009,아파트
11200,성동구,11400,성수동1가,0413,0001,4.0,2023-01-31,전세,89.26,33000,0,서울숲파크뷰,2006,연립다세대
11200,성동구,11200,금호동4가,0340,0000,17.0,2023-01-31,전세,84.87,70000,0,서울숲푸르지오,2007,아파트
11230,동대문구,10900,휘경동,0376,0000,2.0,2023-01-31,월세,14.97,2893,13,서울휘경행복아파트,2021,아파트
11650,서초구,10900,내곡동,0001,0000,14.0,2023-01-31,월세,114.62,15000,280,서초더샵포레,2014,아파트
11650,서초구,11100,신원동,0568,0000,4.0,2023-01-31,전세,59.73,50375,0,서초포레스타3단지,2014,아파트
11650,서초구,11100,신원동,0690,0000,8.0,2023-01-31,전세,59.96,50375,0,서초포레스타5단지,2014,아파트
11650,서초구,11100,신원동,0619,0000,2.0,2023-01-31,월세,39.99,8376,21,서초포레스타6단지,2015,아파트
11560,영등포구,12900,양평동5가,0024,0001,12.0,2023-01-31,전세,25.82,19000,0,선유도역 마들렌 오피스텔,2021,오피스텔
11440,마포구,12500,성산동,0446,0000,13.0,2023-01-31,월세,50.03,1200,88,성산시영(대우),1986,아파트
11440,마포구,12500,성산동,0446,0000,8.0,2023-01-31,전세,50.03,24000,0,성산시영(대우),1986,아파트
11440,마포구,12500,성산동,0446,0000,10.0,2023-01-31,전세,59.43,31000,0,성산시영(유원),1986,아파트
11440,마포구,12500,성산동,0595,0000,9.0,2023-01-31,월세,25.2,3790,8,성산임대아파트,1991,아파트
11200,성동구,11500,성수동2가,0286,0000,1.0,2023-01-31,월세,59.82,33000,50,성수우방2차아파트,1999,아파트
11200,성동구,11500,성수동2가,0286,0000,1.0,2023-01-31,월세,59.82,33000,50,성수우방2차아파트,1999,아파트
11440,마포구,11000,노고산동,0001,0058,2.0,2023-01-31,전세,15.26,15000,0,세명시티,2021,연립다세대
11620,관악구,10300,남현동,1062,0022,2.0,2023-01-31,월세,32.65,20000,10,센텀,2012,오피스텔
11410,서대문구,11000,북아현동,0001,1336,1.0,2023-01-31,전세,51.89,32000,0,센텀시티,2016,연립다세대
11200,성동구,10200,하왕십리동,1070,0000,7.0,2023-01-31,전세,59.66,59000,0,센트라스,2016,아파트
11590,동작구,10300,상도1동,0692,0000,6.0,2023-01-31,전세,29.88,28150,0,소연빌,2017,연립다세대
11260,중랑구,10200,상봉동,0084,0011,8.0,2023-01-31,월세,21.28,400,40,솔렌시아5,2019,아파트
11350,노원구,10500,상계동,0581,0115,5.0,2023-01-31,전세,25.76,7000,0,송원레지던스,2012,연립다세대
11710,송파구,10900,장지동,0854,0000,6.0,2023-01-31,전세,59.96,17867,0,송파파인타운11단지,2007,아파트
11710,송파구,11400,마천동,0582,0000,8.0,2023-01-31,전세,84.13,49270,0,송파파크데일1단지,2011,아파트
11710,송파구,10800,문정동,0620,0000,9.0,2023-01-31,월세,30.0,1000,95,송파푸르지오시티,2013,오피스텔
11380,은평구,10500,구산동,0024,0059,2.0,2023-01-31,전세,76.31,31500,0,송학,2004,아파트
11350,노원구,10500,상계동,1269,0000,12.0,2023-01-31,전세,84.62,41000,0,수락파크빌,2001,아파트
11530,구로구,10900,궁동,0198,0039,5.0,2023-01-31,전세,46.9,14000,0,수정,2001,아파트
11560,영등포구,11000,여의도동,0032,0000,3.0,2023-01-31,전세,150.65,51000,0,수정,1976,아파트
11530,구로구,10800,오류동,0359,0000,8.0,2023-01-31,월세,16.99,4072,22,"숲에리움,오류1동주민센터",2020,아파트
11500,강서구,10300,화곡동,0900,0032,12.0,2023-01-31,월세,13.67,12200,8,스위트132드림하우스,2013,아파트
11305,강북구,10300,수유동,0535,0022,3.0,2023-01-31,전세,161.64,28000,0,스위트그린빌,2001,연립다세대
11560,영등포구,10700,영등포동6가,0148,0000,3.0,2023-01-31,월세,15.8,10000,25,스위트빌,2012,연립다세대
11440,마포구,10300,신공덕동,0139,0013,2.0,2023-01-31,전세,19.3,19000,0,스카라브하우스,2022,연립다세대
11410,서대문구,12000,남가좌동,0269,0001,8.0,2023-01-31,월세,30.97,18050,38,스타타워,2022,아파트
11590,동작구,10700,사당동,1051,0022,9.0,2023-01-31,전세,31.73,26250,0,스톤하우스,2016,아파트
11260,중랑구,10600,신내동,0650,0000,4.0,2023-01-31,월세,59.76,26000,20,신내6대주,1996,아파트
11260,중랑구,10600,신내동,0657,0000,13.0,2023-01-31,전세,33.18,16000,0,신내9진흥,1996,아파트
11140,중구,16500,황학동,1173,0000,18.0,2023-01-31,전세,21.08,19500,0,신당 큐브스테이트,2022,오피스텔
11530,구로구,10100,신도림동,0387,0003,10.0,2023-01-31,월세,62.47,2000,130,신도림월드메르디앙오피스텔,2005,오피스텔
11530,구로구,10200,구로동,1267,0000,16.0,2023-01-31,전세,59.88,40000,0,신도림태영타운,2000,아파트
11530,구로구,10200,구로동,0026,0000,11.0,2023-01-31,전세,33.69,19000,0,신도림포스빌,2004,오피스텔
11680,강남구,10400,청담동,0134,0016,14.0,2023-01-31,월세,84.94,47400,50,신동아,1997,아파트
11650,서초구,10600,잠원동,0070,0000,7.0,2023-01-31,전세,96.48,70000,0,신반포4,1979,아파트
11470,양천구,10300,신월동,0987,0001,9.0,2023-01-31,전세,43.2,16500,0,신월시영,1988,아파트
11680,강남구,11000,압구정동,0433,0000,4.0,2023-01-31,월세,108.36,20000,240,신현대11차,1983,아파트
11560,영등포구,11100,당산동1가,0185,0045,6.0,2023-01-31,전세,29.53,26300,0,신현빌3차,2018,연립다세대
11200,성동구,11400,성수동1가,0706,0000,9.0,2023-01-31,전세,59.76,55000,0,쌍용,1997,아파트
11260,중랑구,10100,면목동,1548,0000,13.0,2023-01-31,전세,59.97,46000,0,쌍용더플래티넘용마산,2020,아파트
11545,금천구,10300,시흥동,0942,0015,3.0,2023-01-31,전세,28.71,14000,0,썬그린파크(942-15),2011,연립다세대
11215,광진구,10700,화양동,0530,0000,3.0,2023-01-31,월세,14.23,1000,68,씨즈건대힐스,2017,아파트
11500,강서구,10100,염창동,0310,0000,4.0,2023-01-31,월세,18.84,12000,14,아네스트염창,2019,오피스텔
11650,서초구,10200,양재동,0391,0006,3.0,2023-01-31,전세,29.78,30000,0,아비체Ⅳ,2019,연립다세대
11710,송파구,11400,마천동,0180,0013,4.0,2023-01-31,월세,28.03,5000,55,아성플러스,2015,연립다세대
11710,송파구,10700,가락동,0132,0001,2.0,2023-01-31,전세,29.96,24500,0,아이리스,2015,연립다세대
11140,중구,16200,신당동,0405,0005,4.0,2023-01-31,월세,28.85,3000,140,아이리스신당,2022,연립다세대
11380,은평구,11400,진관동,0100,0003,4.0,2023-01-31,월세,24.54,1000,54,아이파크 포레스트 게이트,2013,오피스텔
11650,서초구,10200,양재동,0379,0006,1.0,2023-01-31,전세,56.62,29400,0,양재화이트빌라,1996,연립다세대
11380,은평구,10200,녹번동,0083,0048,4.0,2023-01-31,전세,55.8,20000,0,양지베르빌,2008,연립다세대
11380,은평구,10700,응암동,0081,0051,6.0,2023-01-31,전세,27.65,25000,0,양지스카이뷰,2020,연립다세대
11380,은평구,10700,응암동,0081,0051,5.0,2023-01-31,전세,27.89,24000,0,양지스카이뷰,2020,연립다세대
11560,영등포구,12700,양평동3가,0101,0000,14.0,2023-01-31,전세,59.98,42500,0,양평현대6차,2000,아파트
11560,영등포구,10300,영등포동2가,0028,0109,2.0,2023-01-31,월세,18.53,16000,4,어반홈즈,2021,오피스텔
11305,강북구,10300,수유동,0245,0153,4.0,2023-01-31,월세,50.86,5000,130,어반휴A동,2022,연립다세대
11260,중랑구,10400,묵동,0171,0017,5.0,2023-01-31,월세,12.04,1000,35,어울림,2014,연립다세대
11305,강북구,10100,미아동,1353,0000,1.0,2023-01-31,전세,84.76,33000,0,에스케이북한산시티,2004,아파트
11305,강북구,10100,미아동,1353,0000,15.0,2023-01-31,전세,114.85,39000,0,에스케이북한산시티,2004,아파트
11350,노원구,10500,상계동,0363,0005,4.0,2023-01-31,전세,38.62,24500,0,에이원빌리지,2021,연립다세대
11305,강북구,10300,수유동,0740,0000,17.0,2023-01-31,월세,22.58,5000,68,에피소드 수유 838,2021,오피스텔
11590,동작구,10700,사당동,1007,0003,9.0,2023-01-31,월세,21.79,10000,28,엘리지움,2012,오피스텔
11710,송파구,10800,문정동,0070,0003,4.0,2023-01-31,전세,58.45,31500,0,엘림빌,2005,연립다세대
11215,광진구,10100,중곡동,0190,0029,2.0,2023-01-31,월세,54.13,5000,160,엘림퍼스트중곡동,2021,아파트
11530,구로구,10700,개봉동,0137,0002,3.0,2023-01-31,월세,55.98,3530,26,"엘림하우스가,나동",2018,연립다세대
11500,강서구,10300,화곡동,0409,0162,3.0,2023-01-31,월세,27.35,4000,30,엘에스빌,2016,연립다세대
11680,강남구,11200,자곡동,0621,0000,10.0,2023-01-31,월세,46.01,8990,16,엘에이치강남3단지,2013,아파트
11260,중랑구,10300,중화동,0325,0093,4.0,2023-01-31,전세,57.06,41000,0,엠-클래스,2022,연립다세대
11560,영등포구,10200,영등포동1가,0113,0001,8.0,2023-01-31,전세,16.88,13400,0,여의도씨티아이,2013,오피스텔
11560,영등포구,10200,영등포동1가,0092,0003,4.0,2023-01-31,전세,18.89,23500,0,여의도이튼브라운,2022,아파트
11560,영등포구,10400,영등포동3가,0024,0006,7.0,2023-01-31,전세,37.9,26000,0,여의시티파크 A동,2020,오피스텔
11680,강남구,10100,역삼동,0826,0029,11.0,2023-01-31,전세,57.98,50000,0,역삼동우정에쉐르1,2004,아파트
11680,강남구,10100,역삼동,0719,0024,10.0,2023-01-31,전세,17.57,21600,0,역삼역센트럴푸르지오시티,2019,오피스텔
11500,강서구,10100,염창동,0306,0000,7.0,2023-01-31,전세,84.91,57000,0,염창힐스테이트,2009,아파트
11620,관악구,10200,신림동,0102,0059,1.0,2023-01-31,전세,41.28,15000,0,영동빌라,1991,연립다세대
11560,영등포구,11800,도림동,0821,0000,11.0,2023-01-31,월세,40.06,1163,22,영등포아트자이,2014,아파트
11740,강동구,10800,성내동,0593,0000,7.0,2023-01-31,전세,54.93,36000,0,영풍마드레빌,2002,아파트
11320,도봉구,10700,창동,0480,0011,4.0,2023-01-31,전세,22.22,9000,0,예림벨로체(480-11),2013,연립다세대
11590,동작구,10700,사당동,0183,0010,4.0,2023-01-31,전세,28.62,18300,0,예성휴캐슬(183-10),2013,연립다세대
11140,중구,15400,오장동,0145,0001,15.0,2023-01-31,전세,15.79,20000,0,오렌지카운티을지로,2020,아파트
11140,중구,15400,오장동,0139,0007,5.0,2023-01-31,전세,18.12,21000,0,오장동 오팰리오,2021,오피스텔
11530,구로구,10200,구로동,0810,0000,3.0,2023-01-31,전세,17.93,7250,0,오피스텔 미래지오,2004,오피스텔
11710,송파구,11100,방이동,0089,0000,9.0,2023-01-31,전세,100.31,73000,0,올림픽선수기자촌2단지,1988,아파트
11710,송파구,10800,문정동,0150,0000,14.0,2023-01-31,월세,84.75,30000,100,올림픽훼밀리타운,1988,아파트
11620,관악구,10100,봉천동,0635,0343,5.0,2023-01-31,전세,24.36,24000,0,와이즈힐(635-343),2020,연립다세대
11230,동대문구,10200,용두동,0794,0000,6.0,2023-01-31,전세,59.99,49000,0,용두롯데캐슬리치,2015,아파트
11170,용산구,11100,청파동3가,0080,0006,5.0,2023-01-31,전세,17.87,19000,0,용산 다올 노블리움,2020,오피스텔
11560,영등포구,13200,신길동,0458,0028,2.0,2023-01-31,전세,49.78,23000,0,우강빌리지(458-28),2001,연립다세대
11260,중랑구,10600,신내동,0831,0000,6.0,2023-01-31,월세,31.85,6480,14,우디안4단지,2018,아파트
11530,구로구,10200,구로동,1277,0000,10.0,2023-01-31,전세,59.45,32000,0,우리유앤미,2004,아파트
11680,강남구,10100,역삼동,0706,0010,6.0,2023-01-31,전세,23.9,20000,0,우림루미아트2,2003,아파트
11500,강서구,10200,등촌동,0649,0014,6.0,2023-01-31,전세,27.36,14500,0,우림보보카운티뷰,2004,오피스텔
11500,강서구,10200,등촌동,0649,0014,10.0,2023-01-31,월세,27.36,1000,60,우림보보카운티뷰,2004,오피스텔
11530,구로구,10200,구로동,0642,0046,1.0,2023-01-31,전세,84.9,35000,0,우방,1993,아파트
11650,서초구,10200,양재동,0154,0002,14.0,2023-01-31,월세,84.88,20000,200,우성,1991,아파트
11590,동작구,10900,신대방동,0565,0000,15.0,2023-01-31,월세,126.16,43000,90,우성1,1988,아파트
11500,강서구,10500,마곡동,0739,0002,6.0,2023-01-31,월세,20.24,500,48,우성르보아투,2015,오피스텔
11305,강북구,10400,우이동,0181,0002,2.0,2023-01-31,전세,149.98,30500,0,우이빌라맨숀,1983,연립다세대
11500,강서구,10300,화곡동,0926,0009,8.0,2023-01-31,월세,13.78,2500,16,우현스카이빌(926-9),2013,아파트
11500,강서구,10300,화곡동,0343,0043,9.0,2023-01-31,월세,18.84,3000,55,원타워(343-43),2014,아파트
11290,성북구,13600,하월곡동,0226,0000,3.0,2023-01-31,전세,84.88,44000,0,월곡래미안루나밸리,2007,아파트
11710,송파구,11300,거여동,0648,0000,17.0,2023-01-31,전세,74.78,37406,0,위례포레샤인18단지,2020,아파트
11710,송파구,11300,거여동,0648,0000,8.0,2023-01-31,전세,74.78,37406,0,위례포레샤인18단지,2020,아파트
11710,송파구,11300,거여동,0648,0000,17.0,2023-01-31,전세,74.82,37406,0,위례포레샤인18단지,2020,아파트
11710,송파구,11300,거여동,0648,0000,7.0,2023-01-31,전세,74.82,37406,0,위례포레샤인18단지,2020,아파트
11710,송파구,11300,거여동,0648,0000,6.0,2023-01-31,전세,74.82,37406,0,위례포레샤인18단지,2020,아파트
11710,송파구,11300,거여동,0648,0000,15.0,2023-01-31,전세,74.82,37406,0,위례포레샤인18단지,2020,아파트
11710,송파구,11300,거여동,0648,0000,8.0,2023-01-31,전세,74.82,37496,0,위례포레샤인18단지,2020,아파트
11710,송파구,11300,거여동,0648,0000,1.0,2023-01-31,전세,74.82,37406,0,위례포레샤인18단지,2020,아파트
11710,송파구,11300,거여동,0648,0000,5.0,2023-01-31,전세,74.82,37406,0,위례포레샤인18단지,2020,아파트
11710,송파구,11300,거여동,0648,0000,12.0,2023-01-31,전세,74.82,37406,0,위례포레샤인18단지,2020,아파트
11710,송파구,11300,거여동,0648,0000,9.0,2023-01-31,전세,84.66,39768,0,위례포레샤인18단지,2020,아파트
11710,송파구,11300,거여동,0648,0000,11.0,2023-01-31,전세,84.66,41756,0,위례포레샤인18단지,2020,아파트
11710,송파구,11300,거여동,0648,0000,6.0,2023-01-31,전세,84.67,39768,0,위례포레샤인18단지,2020,아파트
11710,송파구,11300,거여동,0648,0000,8.0,2023-01-31,전세,84.73,39768,0,위례포레샤인18단지,2020,아파트
11710,송파구,11300,거여동,0648,0000,14.0,2023-01-31,전세,84.73,39768,0,위례포레샤인18단지,2020,아파트
11710,송파구,11300,거여동,0648,0000,11.0,2023-01-31,전세,84.73,39768,0,위례포레샤인18단지,2020,아파트
11710,송파구,11300,거여동,0648,0000,6.0,2023-01-31,전세,84.73,39768,0,위례포레샤인18단지,2020,아파트
11710,송파구,10900,장지동,0905,0000,6.0,2023-01-31,전세,59.66,38090,0,위례포레샤인23단지,2017,아파트
11500,강서구,10300,화곡동,0348,0016,4.0,2023-01-31,전세,25.81,37500,0,위하우스,2022,연립다세대
11500,강서구,10200,등촌동,0637,0027,12.0,2023-01-31,전세,14.64,22000,0,유원더블레스,2020,연립다세대
11470,양천구,10100,신정동,0087,0039,7.0,2023-01-31,월세,84.96,30000,108,유원목동,1990,아파트
11680,강남구,10600,대치동,0316,0000,6.0,2023-01-31,전세,76.79,45000,0,은마,1979,아파트
11350,노원구,10500,상계동,1256,0000,12.0,2023-01-31,월세,49.77,23000,10,은빛2단지,1998,아파트
11380,은평구,11400,진관동,0066,0000,6.0,2023-01-31,전세,19.84,12700,0,은평뉴타운 꿈에그린,2018,오피스텔
11380,은평구,11400,진관동,0062,0000,27.0,2023-01-31,전세,84.34,63000,0,은평스카이뷰자이,2019,아파트
11440,마포구,11400,창전동,0450,0000,14.0,2023-01-31,월세,17.15,4003,30,이랜드PEER신촌,2021,아파트
11440,마포구,11400,창전동,0450,0000,11.0,2023-01-31,월세,17.15,5337,26,이랜드PEER신촌,2021,아파트
11440,마포구,11400,창전동,0450,0000,15.0,2023-01-31,월세,17.3,5337,26,이랜드PEER신촌,2021,아파트
11440,마포구,11400,창전동,0450,0000,10.0,2023-01-31,월세,17.3,5337,26,이랜드PEER신촌,2021,아파트
11440,마포구,11400,창전동,0450,0000,11.0,2023-01-31,월세,17.3,5337,26,이랜드PEER신촌,2021,아파트
11440,마포구,11400,창전동,0450,0000,10.0,2023-01-31,월세,17.3,4003,30,이랜드PEER신촌,2021,아파트
11440,마포구,11400,창전동,0450,0000,7.0,2023-01-31,월세,17.3,4003,30,이랜드PEER신촌,2021,아파트
11440,마포구,11400,창전동,0450,0000,8.0,2023-01-31,월세,17.3,5337,26,이랜드PEER신촌,2021,아파트
11440,마포구,11400,창전동,0450,0000,13.0,2023-01-31,월세,17.3,5337,26,이랜드PEER신촌,2021,아파트
11440,마포구,11400,창전동,0450,0000,5.0,2023-01-31,월세,17.3,5337,26,이랜드PEER신촌,2021,아파트
11440,마포구,11400,창전동,0450,0000,9.0,2023-01-31,월세,17.3,5337,26,이랜드PEER신촌,2021,아파트
11440,마포구,11400,창전동,0450,0000,14.0,2023-01-31,월세,17.3,5337,26,이랜드PEER신촌,2021,아파트
11440,마포구,11400,창전동,0450,0000,3.0,2023-01-31,월세,17.3,4003,30,이랜드PEER신촌,2021,아파트
11440,마포구,11400,창전동,0450,0000,10.0,2023-01-31,월세,17.3,4670,28,이랜드PEER신촌,2021,아파트
11440,마포구,11400,창전동,0450,0000,3.0,2023-01-31,월세,17.3,5337,26,이랜드PEER신촌,2021,아파트
11440,마포구,11400,창전동,0450,0000,6.0,2023-01-31,월세,17.3,4003,30,이랜드PEER신촌,2021,아파트
11440,마포구,11400,창전동,0450,0000,16.0,2023-01-31,월세,17.3,5337,26,이랜드PEER신촌,2021,아파트
11440,마포구,11400,창전동,0450,0000,12.0,2023-01-31,월세,29.4,3713,22,이랜드PEER신촌,2021,아파트
11440,마포구,11400,창전동,0450,0000,9.0,2023-01-31,월세,29.4,3713,22,이랜드PEER신촌,2021,아파트
11230,동대문구,11000,이문동,0427,0000,6.0,2023-01-31,전세,84.98,44000,0,이문2차푸르지오,2007,아파트
11305,강북구,10400,우이동,0118,0007,1.0,2023-01-31,전세,48.75,15500,0,이산스카이빌,2011,연립다세대
11230,동대문구,10300,제기동,0252,0000,5.0,2023-01-31,월세,84.9,6000,137,이수브라운스톤,2005,아파트
11740,강동구,10900,천호동,0452,0004,10.0,2023-01-31,월세,27.06,1000,90,이안 강동 컴홈스테이,2021,오피스텔
11380,은평구,10300,불광동,0445,0224,2.0,2023-01-31,월세,20.84,12000,20,이지마루2차,2022,연립다세대
11470,양천구,10100,신정동,1321,0000,5.0,2023-01-31,전세,84.51,29120,0,이펜하우스1단지,2011,아파트
11470,양천구,10100,신정동,1317,0000,5.0,2023-01-31,전세,84.51,40000,0,이펜하우스4단지,2011,아파트
11290,성북구,13200,보문동3가,0230,0000,11.0,2023-01-31,전세,84.41,56000,0,이편한세상보문,2013,아파트
11110,종로구,18700,무악동,0088,0000,15.0,2023-01-31,전세,84.24,60000,0,인왕산2차아이파크,2015,아파트
11500,강서구,10200,등촌동,0562,0005,4.0,2023-01-31,전세,71.01,48500,0,임광,2000,아파트
11350,노원구,10500,상계동,0694,0000,12.0,2023-01-31,전세,122.18,47000,0,임광,1989,아파트
11380,은평구,10700,응암동,0115,0027,3.0,2023-01-31,전세,55.01,28000,0,자선메르시안(115),2002,아파트
11710,송파구,10100,잠실동,0019,0000,9.0,2023-01-31,월세,59.96,64000,80,잠실엘스,2008,아파트
11710,송파구,10100,잠실동,0019,0000,10.0,2023-01-31,전세,84.88,84000,0,잠실엘스,2008,아파트
11500,강서구,10900,방화동,0841,0000,15.0,2023-01-31,전세,59.04,25000,0,장미,1994,아파트
11350,노원구,10400,하계동,0273,0000,2.0,2023-01-31,전세,64.88,24200,0,장미(시영6),1989,아파트
11620,관악구,10100,봉천동,0736,0006,3.0,2023-01-31,전세,63.1,26000,0,장평2타운,2003,연립다세대
11740,강동구,10500,길동,0338,0003,3.0,2023-01-31,월세,54.68,5000,80,재정빌라,2003,연립다세대
11290,성북구,13300,정릉동,1028,0000,2.0,2023-01-31,전세,59.77,33000,0,정릉e-편한세상,2006,아파트
11290,성북구,13300,정릉동,0239,0005,5.0,2023-01-31,월세,32.76,1470,15,정릉풍림아이원(임대),2005,아파트
11650,서초구,10700,반포동,0724,0031,3.0,2023-01-31,월세,46.65,17000,70,정연베스트빌,2003,연립다세대
11215,광진구,10100,중곡동,0639,0006,5.0,2023-01-31,월세,15.93,3000,56,정익제이타워2차,2020,오피스텔
11440,마포구,10100,아현동,0282,0003,7.0,2023-01-31,전세,29.97,30000,0,제스트하우스,2019,연립다세대
11440,마포구,11500,상수동,0345,0003,6.0,2023-01-31,전세,21.06,13100,0,제이캐슬레지던스,2002,오피스텔
11545,금천구,10300,시흥동,0994,0009,17.0,2023-01-31,전세,27.94,19000,0,제이타워,2022,오피스텔
11230,동대문구,10500,답십리동,0497,0009,15.0,2023-01-31,월세,16.2,3000,70,젠트리움,2020,오피스텔
11110,종로구,17500,숭인동,1421,0001,6.0,2023-01-31,월세,19.95,10300,12,종로 동광모닝스카이,2013,오피스텔
11230,동대문구,10900,휘경동,0057,0000,21.0,2023-01-31,전세,84.82,34000,0,주공1,2001,아파트
11590,동작구,10800,대방동,0503,0000,15.0,2023-01-31,전세,51.66,33000,0,주공2,1995,아파트
11230,동대문구,10900,휘경동,0057,0000,3.0,2023-01-31,전세,39.98,25000,0,주공2,2001,아파트
11350,노원구,10600,중계동,0359,0001,3.0,2023-01-31,전세,58.46,30000,0,주공5,1992,아파트
11350,노원구,10600,중계동,0362,0001,2.0,2023-01-31,전세,49.72,19000,0,주공8,1993,아파트
11710,송파구,10100,잠실동,0027,0000,1.0,2023-01-31,전세,76.5,40900,0,주공아파트 5단지,1978,아파트
11710,송파구,10100,잠실동,0027,0000,3.0,2023-01-31,월세,76.5,5000,150,주공아파트 5단지,1978,아파트
11710,송파구,10100,잠실동,0027,0000,14.0,2023-01-31,전세,82.61,38000,0,주공아파트 5단지,1978,아파트
11380,은평구,10500,구산동,0216,0026,4.0,2023-01-31,월세,25.59,2000,50,준그린빌,2004,연립다세대
11140,중구,16500,황학동,0805,0000,11.0,2023-01-31,월세,25.0,1000,55,중앙시티빌,2003,오피스텔
11545,금천구,10200,독산동,1136,0000,3.0,2023-01-31,전세,59.34,26500,0,진도3차아파트,1999,아파트
11320,도봉구,10700,창동,0373,0000,6.0,2023-01-31,전세,49.94,19000,0,창동주공4단지,1991,아파트
11410,서대문구,10600,천연동,0145,0000,2.0,2023-01-31,전세,55.85,39000,0,천연뜨란채,2006,아파트
11530,구로구,11100,천왕동,0279,0002,12.0,2023-01-31,전세,84.97,40000,0,천왕이펜하우스2단지,2011,아파트
11230,동대문구,10200,용두동,0255,0049,7.0,2023-01-31,전세,18.35,17000,0,청계 한양아이클래스,2019,오피스텔
11230,동대문구,10100,신설동,0109,0008,15.0,2023-01-31,전세,18.7,17640,0,청광플러스원청계오피스텔,2020,오피스텔
11350,노원구,10600,중계동,0360,0002,8.0,2023-01-31,월세,84.77,35000,60,청구3,1996,아파트
11545,금천구,10300,시흥동,0937,0025,2.0,2023-01-31,월세,79.32,1000,40,청기와연립B동,1985,연립다세대
11680,강남구,10400,청담동,0070,0016,3.0,2023-01-31,전세,37.19,27300,0,청담동테라스,2018,연립다세대
11530,구로구,10700,개봉동,0312,0043,2.0,2023-01-31,전세,29.95,14000,0,청담힐스빌,2012,연립다세대
11500,강서구,10300,화곡동,0102,0309,5.0,2023-01-31,월세,28.27,2000,65,청송평화하이맨션(102-309),2014,연립다세대
11500,강서구,10300,화곡동,1030,0027,5.0,2023-01-31,월세,26.04,3000,75,청송평화헬스하우스,2022,연립다세대
11230,동대문구,10600,장안동,0316,0013,2.0,2023-01-31,전세,44.76,18000,0,청하빌,2013,연립다세대
11680,강남구,10800,논현동,0188,0012,3.0,2023-01-31,전세,23.1,23000,0,케아하우스(188-12),2019,연립다세대
11560,영등포구,12800,양평동4가,0248,0000,3.0,2023-01-31,전세,17.34,10500,0,코쿤빌,2011,연립다세대
11530,구로구,10200,구로동,0651,0002,12.0,2023-01-31,월세,17.36,7000,35,퀸즈파크 구일,2019,오피스텔
11500,강서구,10300,화곡동,0982,0017,13.0,2023-01-31,월세,42.72,6000,60,크라운뷰,2009,오피스텔
11290,성북구,11200,삼선동2가,0233,0000,5.0,2023-01-31,전세,29.38,26500,0,타임스카이뷰,2019,연립다세대
11500,강서구,10300,화곡동,0786,0009,7.0,2023-01-31,전세,69.51,30000,0,탑건화곡동진선미,2006,아파트
11710,송파구,10600,삼전동,0029,0002,5.0,2023-01-31,월세,14.93,1000,54,태광,2015,연립다세대
11230,동대문구,10600,장안동,0346,0001,12.0,2023-01-31,전세,51.96,34600,0,태솔아파트3차,2018,아파트
11620,관악구,10200,신림동,0409,0340,4.0,2023-01-31,전세,75.46,26000,0,태양쉐르빌B동,2003,연립다세대
11500,강서구,10100,염창동,0270,0001,1.0,2023-01-31,전세,59.97,32900,0,태영,1999,아파트
11260,중랑구,10200,상봉동,0497,0000,16.0,2023-01-31,전세,84.94,45000,0,태영데시앙1,2003,아파트
11440,마포구,12400,연남동,0504,0031,2.0,2023-01-31,전세,74.2,43000,0,테크빌,2002,연립다세대
11200,성동구,10200,하왕십리동,1066,0000,17.0,2023-01-31,전세,59.88,58000,0,텐즈힐(1단지),2015,아파트
11200,성동구,10200,하왕십리동,1066,0000,5.0,2023-01-31,전세,84.96,75000,0,텐즈힐(1단지),2015,아파트
11200,성동구,10200,하왕십리동,1066,0000,8.0,2023-01-31,전세,148.94,130000,0,텐즈힐(1단지),2015,아파트
11710,송파구,10100,잠실동,0035,0000,17.0,2023-01-31,전세,59.88,73500,0,트리지움,2007,아파트
11710,송파구,10100,잠실동,0035,0000,26.0,2023-01-31,전세,84.83,93400,0,트리지움,2007,아파트
11710,송파구,10200,신천동,0017,0000,21.0,2023-01-31,전세,35.24,40790,0,파크리오,2008,아파트
11560,영등포구,13200,신길동,0278,0080,5.0,2023-01-31,전세,29.58,26100,0,페트라하우스,2020,연립다세대
11290,성북구,13900,석관동,0332,0173,3.0,2023-01-31,전세,29.94,22000,0,포근한아트타운,2018,연립다세대
11500,강서구,10300,화곡동,1111,0004,14.0,2023-01-31,월세,17.92,1000,57,포유,2018,오피스텔
11260,중랑구,10300,중화동,0274,0001,3.0,2023-01-31,전세,63.99,12000,0,풍산그린빌라A동,1995,연립다세대
11170,용산구,12200,문배동,0024,0008,17.0,2023-01-31,전세,13.69,16000,0,프라임팰리스,2012,아파트
11350,노원구,10400,하계동,0288,0000,1.0,2023-01-31,전세,84.9,57000,0,하계2현대,1997,아파트
11305,강북구,10300,수유동,0058,0054,6.0,2023-01-31,전세,42.56,16000,0,하늘미소,2018,연립다세대
11470,양천구,10200,목동,0908,0029,12.0,2023-01-31,전세,35.39,14500,0,하이베라스,2003,오피스텔
11710,송파구,10600,삼전동,0038,0012,10.0,2023-01-31,월세,51.2,5000,150,하이파크아파트,2016,아파트
11170,용산구,12900,이촌동,0404,0000,18.0,2023-01-31,전세,59.88,48000,0,한가람,1998,아파트
11170,용산구,12900,이촌동,0404,0000,11.0,2023-01-31,전세,114.96,85000,0,한가람,1998,아파트
11680,강남구,11800,도곡동,0972,0000,11.0,2023-01-31,전세,84.96,115500,0,한라비발디,2016,아파트
11230,동대문구,10500,답십리동,0530,0017,13.0,2023-01-31,월세,22.14,10000,40,한성아펠시티,2019,오피스텔
11650,서초구,10600,잠원동,0056,0003,5.0,2023-01-31,전세,84.52,73500,0,한신,1992,아파트
11290,성북구,10300,돈암동,0609,0001,10.0,2023-01-31,월세,68.13,5000,130,한신,1998,아파트
11350,노원구,10600,중계동,0168,0003,4.0,2023-01-31,월세,65.12,3500,7,한신월드타운(168-3),2011,연립다세대
11560,영등포구,13300,대림동,0897,0001,3.0,2023-01-31,전세,84.93,37000,0,한신휴2차,1999,아파트
11530,구로구,10200,구로동,1280,0000,16.0,2023-01-31,월세,50.17,32000,10,한신휴플러스(1280-0),2007,아파트
11740,강동구,10100,명일동,0054,0000,5.0,2023-01-31,전세,84.92,52500,0,한양,1986,아파트
11740,강동구,10100,명일동,0312,0185,5.0,2023-01-31,전세,33.65,29000,0,한영아르떼,2016,연립다세대
11320,도봉구,10700,창동,0607,0008,3.0,2023-01-31,월세,35.24,3000,95,한원힐트리움_NK,2022,오피스텔
11530,구로구,10200,구로동,1281,0000,4.0,2023-01-31,전세,84.96,39000,0,한일유앤아이,2006,아파트
11290,성북구,10300,돈암동,0609,0001,17.0,2023-01-31,전세,59.58,26000,0,한진(609-1),1998,아파트
11350,노원구,10200,월계동,0018,0000,16.0,2023-01-31,전세,75.81,40000,0,한진한화그랑빌,2002,아파트
11305,강북구,10200,번동,0139,0000,9.0,2023-01-31,전세,84.93,42000,0,해모로아파트,2003,아파트
11200,성동구,10700,행당동,0306,0005,2.0,2023-01-31,전세,61.11,30000,0,행당빌,2011,연립다세대
11200,성동구,10700,행당동,0346,0000,2.0,2023-01-31,월세,114.62,10000,235,행당한진타운,2000,아파트
11200,성동구,10700,행당동,0346,0000,9.0,2023-01-31,전세,114.62,65000,0,행당한진타운,2000,아파트
11650,서초구,10800,서초동,1633,0004,2.0,2023-01-31,전세,20.66,35500,0,헤센파크힐,2018,아파트
11710,송파구,10700,가락동,0913,0000,15.0,2023-01-31,월세,39.1,19700,24,헬리오시티,2018,아파트
11710,송파구,10700,가락동,0913,0000,5.0,2023-01-31,전세,59.96,70000,0,헬리오시티,2018,아파트
11710,송파구,10700,가락동,0913,0000,23.0,2023-01-31,전세,84.95,71600,0,헬리오시티,2018,아파트
11710,송파구,10700,가락동,0913,0000,9.0,2023-01-31,전세,84.98,75000,0,헬리오시티,2018,아파트
11710,송파구,10700,가락동,0913,0000,1.0,2023-01-31,전세,84.98,73000,0,헬리오시티,2018,아파트
11710,송파구,10700,가락동,0913,0000,29.0,2023-01-31,월세,84.98,50000,72,헬리오시티,2018,아파트
11710,송파구,10700,가락동,0913,0000,11.0,2023-01-31,전세,84.99,66150,0,헬리오시티,2018,아파트
11710,송파구,10700,가락동,0913,0000,11.0,2023-01-31,월세,84.99,30000,245,헬리오시티,2018,아파트
11710,송파구,10700,가락동,0913,0000,12.0,2023-01-31,전세,99.6,120000,0,헬리오시티,2018,아파트
11500,강서구,10900,방화동,0793,0000,8.0,2023-01-31,전세,84.99,31000,0,현대,1993,아파트
11740,강동구,10100,명일동,0251,0001,5.0,2023-01-31,전세,57.09,30000,0,현대(명일),1988,아파트
11560,영등포구,12400,문래동6가,0046,0000,4.0,2023-01-31,전세,64.38,39900,0,현대1차,1986,아파트
11680,강남구,10300,개포동,0653,0000,3.0,2023-01-31,월세,177.19,100000,80,현대1차101동~106동,1984,아파트
11380,은평구,10200,녹번동,0152,0039,4.0,2023-01-31,전세,37.02,22600,0,현대아트빌(152-39),2013,연립다세대
11680,강남구,10400,청담동,0023,0000,7.0,2023-01-31,전세,84.78,70000,0,현대아파트,1988,아파트
11560,영등포구,10300,영등포동2가,0028,0138,11.0,2023-01-31,전세,39.53,29768,0,현대팰리스,2016,아파트
11440,마포구,10400,도화동,0353,0000,17.0,2023-01-31,전세,84.95,55000,0,현대홈타운,2000,아파트
11740,강동구,10700,암사동,0400,0000,21.0,2023-01-31,전세,59.97,38000,0,현대홈타운,2004,아파트
11680,강남구,10500,삼성동,0050,0000,16.0,2023-01-31,전세,84.44,120000,0,현대힐스테이트2단지,2008,아파트
11500,강서구,10100,염창동,0252,0000,10.0,2023-01-31,전세,18.96,25000,0,현진파크뷰,2019,연립다세대
11290,성북구,13800,장위동,0246,0109,5.0,2023-01-31,월세,56.36,8000,60,현창케트빌,2004,연립다세대
11710,송파구,11200,오금동,0054,0001,8.0,2023-01-31,전세,80.66,34000,0,혜성공원(101동),1992,아파트
11170,용산구,12400,한강로1가,0166,0006,3.0,2023-01-31,전세,57.04,27000,0,혜전약국,2001,연립다세대
11680,강남구,10100,역삼동,0778,0024,4.0,2023-01-31,월세,26.66,9000,87,호야하우스역삼,2017,연립다세대
11680,강남구,10100,역삼동,0778,0024,4.0,2023-01-31,월세,26.66,9000,87,호야하우스역삼,2017,연립다세대
11230,동대문구,10700,청량리동,0212,0000,1.0,2023-01-31,전세,84.91,42500,0,홍릉동부,2001,아파트
11410,서대문구,11800,홍은동,0190,0007,3.0,2023-01-31,전세,47.31,11000,0,홍은리츠빌,2002,연립다세대
11350,노원구,10300,공릉동,0746,0000,5.0,2023-01-31,월세,59.84,12000,50,화랑해링턴플레이스아파트,1999,아파트
11230,동대문구,10900,휘경동,0052,0000,1.0,2023-01-31,월세,84.99,8000,72,휘경베스트빌현대,2000,아파트
11230,동대문구,10900,휘경동,0192,0001,3.0,2023-01-31,월세,17.62,9200,35,휘경제이스카이시티,2021,아파트
11440,마포구,12300,망원동,0509,0000,4.0,2023-01-31,월세,59.96,30000,50,휴먼빌,2004,아파트
11710,송파구,11300,거여동,0000,0000,5.0,2023-01-31,전세,24.15,15750,0,휴먼빌 시티,2020,오피스텔
11740,강동구,10700,암사동,0675,0000,21.0,2023-01-31,전세,85.0,65000,0,힐스테이트 강동 리버뷰,2019,아파트
11500,강서구,10500,마곡동,0773,0000,11.0,2023-01-31,전세,19.87,16000,0,힐스테이트 에코 마곡역,2017,오피스텔
11380,은평구,10200,녹번동,0282,0000,10.0,2023-01-31,월세,39.01,8320,32,힐스테이트녹번,2019,아파트
11500,강서구,10500,마곡동,0760,0001,6.0,2023-01-31,전세,20.84,16000,0,힐스테이트에코 마곡나루역 라마다앙코르 서울마곡,2017,오피스텔
11500,강서구,10500,마곡동,0797,0014,13.0,2023-01-31,전세,24.09,18300,0,힐스테이트에코마곡,2016,오피스텔
11710,송파구,10800,문정동,0639,0005,5.0,2023-01-31,월세,21.06,1000,76,힐스테이트에코송파,2017,오피스텔
11410,서대문구,11800,홍은동,0338,0005,8.0,2023-01-31,월세,59.84,18000,98,힐스테이트홍은포레스트,2022,아파트
11410,서대문구,11800,홍은동,0338,0005,4.0,2023-01-31,전세,72.79,41000,0,힐스테이트홍은포레스트,2022,아파트
